City_ID,City,Country,Lat,Lng,Max Temp,Humidity,Cloudiness,Wind Speed,Current Description
0,Hobart,AU,-42.88,147.33,50.0,93,90,8.05,moderate rain
1,Hilo,US,19.73,-155.09,82.4,61,1,4.7,clear sky
2,Bambous Virieux,MU,-20.34,57.76,69.8,88,40,1.12,scattered clouds
3,Khatanga,RU,71.97,102.5,17.6,98,81,10.89,broken clouds
4,Nanakuli,US,21.39,-158.15,82.4,78,20,4.7,few clouds
5,Tongren,CN,27.72,109.19,62.56,89,100,4.56,light rain
6,Saldanha,ZA,-33.01,17.94,60.8,77,0,4.7,clear sky
7,Mataura,NZ,-46.19,168.86,50.0,96,100,18.99,light rain
8,Sarankhola,BD,22.31,89.79,79.65,89,93,3.33,overcast clouds
9,Georgetown,MY,5.41,100.34,78.8,94,20,3.36,few clouds
10,Leningradskiy,RU,69.38,178.42,31.03,95,100,11.9,overcast clouds
11,Katete,UG,-0.78,29.75,66.31,74,92,2.06,overcast clouds
12,Coquimbo,CL,-29.95,-71.34,59.0,58,100,14.99,overcast clouds
13,Hobyo,SO,5.35,48.53,79.0,84,50,17.45,moderate rain
14,Limbang,MY,4.75,115.0,77.0,94,75,4.7,broken clouds
15,Punta Arenas,CL,-53.15,-70.92,48.2,57,75,29.97,broken clouds
16,Hua Hin,TH,12.57,99.96,78.66,85,100,6.71,light rain
17,Mount Gambier,AU,-37.83,140.77,55.4,93,90,5.82,light intensity shower rain
18,Port Alfred,ZA,-33.59,26.89,61.7,84,67,19.6,light rain
19,Saint-Philippe,RE,-21.36,55.77,73.4,78,75,17.22,broken clouds
20,Busselton,AU,-33.65,115.33,48.99,63,100,8.97,overcast clouds
21,Vanimo,PG,-2.67,141.3,77.9,87,52,6.42,broken clouds
22,Lorengau,PG,-2.02,147.27,81.84,75,28,7.72,scattered clouds
23,Broken Hill,AU,-31.95,141.43,77.0,25,79,14.99,broken clouds
24,Dryden,CA,49.78,-92.75,41.0,52,90,2.24,overcast clouds
25,Castro,BR,-24.79,-50.01,75.88,65,100,11.3,overcast clouds
26,Hami,CN,42.8,93.45,53.38,34,66,4.52,broken clouds
27,Butaritari,KI,3.07,172.79,81.36,71,99,10.2,overcast clouds
28,La Quinta,US,33.66,-116.31,102.0,22,1,6.93,clear sky
29,Torbay,CA,47.67,-52.73,64.0,93,75,18.34,broken clouds
30,Ahipara,NZ,-35.17,173.17,52.5,77,0,2.93,clear sky
31,Kaitangata,NZ,-46.28,169.85,53.01,82,100,18.01,moderate rain
32,Tuy Hoa,VN,13.08,109.3,77.36,90,100,5.57,moderate rain
33,Berlevag,NO,70.86,29.09,47.7,80,39,23.55,scattered clouds
34,Port Elizabeth,ZA,-33.92,25.57,60.8,93,97,11.41,light rain
35,Praia Da Vitoria,PT,38.73,-27.07,72.0,88,75,16.71,broken clouds
36,Ushuaia,AR,-54.8,-68.3,46.4,73,40,17.22,scattered clouds
37,Miles City,US,46.41,-105.84,66.2,32,1,10.29,clear sky
38,Stafford,GB,52.81,-2.12,48.99,85,100,11.99,light rain
39,Rikitea,PF,-23.12,-134.97,72.72,77,0,17.78,clear sky
40,Hermanus,ZA,-34.42,19.23,59.0,86,4,5.99,clear sky
41,Altamira,BR,-3.2,-52.21,96.69,35,98,2.59,overcast clouds
42,Chama,CH,47.18,8.46,50.0,81,20,2.24,few clouds
43,Atuona,PF,-9.8,-139.03,78.35,76,18,25.68,light rain
44,Oranjestad,AW,12.52,-70.03,86.0,79,40,14.99,scattered clouds
45,Barranca,PE,-10.75,-77.77,65.82,73,40,13.09,scattered clouds
46,Tigre,AR,-34.43,-58.58,53.6,50,40,19.46,scattered clouds
47,Airai,TL,-8.93,125.41,57.11,92,98,2.59,overcast clouds
48,Faanui,PF,-16.48,-151.75,78.3,77,5,19.6,clear sky
49,Lagoa,PT,39.05,-27.98,68.79,86,45,17.72,scattered clouds
50,Hambantota,LK,6.12,81.12,78.8,88,20,9.17,few clouds
51,Ostersund,SE,63.18,14.64,50.0,81,100,11.41,overcast clouds
52,Nicoya,CR,10.15,-85.45,77.0,100,75,2.24,drizzle
53,College,US,64.86,-147.8,57.2,70,75,3.36,broken clouds
54,Bethanien,NA,-26.5,17.16,52.14,43,0,3.87,clear sky
55,Kapaa,US,22.08,-159.32,84.2,74,40,4.7,scattered clouds
56,Tuktoyaktuk,CA,69.45,-133.04,42.8,93,90,8.05,shower rain
57,Carnarvon,AU,-24.87,113.63,57.2,54,0,23.04,clear sky
58,Am Timan,TD,11.03,20.28,77.11,76,72,1.66,broken clouds
59,Bluff,NZ,-46.6,168.33,50.0,96,100,18.99,light rain
60,Dergachi,RU,51.23,48.77,55.65,59,0,6.87,clear sky
61,Iqaluit,CA,63.75,-68.51,33.8,69,90,6.93,overcast clouds
62,Kaeo,NZ,-35.1,173.78,46.99,95,0,4.0,clear sky
63,Cape Town,ZA,-33.93,18.42,64.0,72,20,3.36,few clouds
64,Chalchihuites,MX,23.48,-103.88,68.13,28,0,11.01,clear sky
65,Bredasdorp,ZA,-34.53,20.04,60.8,87,82,9.17,broken clouds
66,Mandalgovi,MN,45.76,106.27,22.78,83,0,11.83,clear sky
67,Gat,IL,31.61,34.76,77.0,71,0,4.41,clear sky
68,Gushikawa,JP,26.35,127.87,77.0,88,75,5.82,broken clouds
69,Mao,ES,39.89,4.27,66.2,45,20,10.29,few clouds
70,Arraial Do Cabo,BR,-22.97,-42.03,77.0,88,40,6.93,scattered clouds
71,Mar Del Plata,AR,-38.0,-57.56,48.99,52,75,10.29,broken clouds
72,Yellowknife,CA,62.46,-114.35,50.0,76,75,20.8,broken clouds
73,Mogadishu,SO,2.04,45.34,78.8,86,48,17.78,scattered clouds
74,London,GB,51.51,-0.13,57.2,82,100,8.05,light rain
75,Ilulissat,GL,69.22,-51.1,33.8,69,40,4.7,scattered clouds
76,Hithadhoo,MV,-0.6,73.08,83.3,74,100,11.77,light rain
77,Bethel,US,41.37,-73.41,64.4,42,20,8.05,few clouds
78,Avarua,CK,-21.21,-159.78,77.0,69,67,9.17,broken clouds
79,Teodoro Sampaio,BR,-22.53,-52.17,101.61,18,92,3.94,overcast clouds
80,Albany,US,42.6,-73.97,60.01,64,95,8.12,light rain
81,Saskylakh,RU,71.92,114.08,21.43,96,95,12.21,overcast clouds
82,Barrow,US,71.29,-156.79,33.8,96,90,5.82,mist
83,Tasiilaq,GL,65.61,-37.64,30.2,92,20,6.93,fog
84,Ribeira Grande,PT,38.52,-28.7,69.8,83,40,10.29,scattered clouds
85,Fortuna,US,40.6,-124.16,62.6,82,20,3.36,few clouds
86,Clyde River,CA,70.47,-68.59,26.6,86,90,2.24,overcast clouds
87,Takoradi,GH,4.88,-1.76,76.66,87,0,7.85,clear sky
88,Umm Kaddadah,SD,13.6,26.69,95.05,24,40,7.25,scattered clouds
89,Kalamb,IN,19.05,73.95,74.46,77,99,3.58,overcast clouds
90,Ulaangom,MN,49.98,92.07,32.09,88,1,2.68,clear sky
91,Victoria Point,AU,-27.58,153.3,60.8,82,40,8.05,scattered clouds
92,Sitka,US,57.05,-135.33,53.6,87,75,8.05,mist
93,Rundu,NA,-17.93,19.77,77.81,19,17,1.92,few clouds
94,Kodiak,US,57.79,-152.41,48.2,81,20,9.17,few clouds
95,Bandarbeyla,SO,9.49,50.81,78.01,86,11,10.54,few clouds
96,Nome,US,64.5,-165.41,46.99,87,90,5.82,light rain
97,Erzin,TR,36.96,36.2,78.01,73,0,1.72,clear sky
98,Vostok,RU,46.49,135.88,37.35,99,0,6.49,clear sky
99,Klaksvik,FO,62.23,-6.59,48.2,100,100,6.93,light intensity drizzle
100,Price,US,39.6,-110.81,75.2,16,1,8.05,clear sky
101,Sitio Novo Do Tocantins,BR,-5.52,-47.46,98.89,25,94,5.48,overcast clouds
102,Ponta Do Sol,PT,32.67,-17.1,71.6,78,40,12.75,scattered clouds
103,Pascagoula,US,30.37,-88.56,78.8,34,1,9.17,clear sky
104,Sao Cristovao,BR,-11.01,-37.21,82.4,58,25,11.41,scattered clouds
105,Maceio,BR,-9.67,-35.74,80.6,74,75,13.87,broken clouds
106,Haines Junction,CA,60.75,-137.51,45.68,72,100,9.26,overcast clouds
107,Fare,PF,-16.7,-151.02,79.07,75,0,18.39,clear sky
108,Taoudenni,ML,22.68,-3.98,97.97,15,0,7.16,clear sky
109,Portland,US,45.52,-122.68,62.6,77,75,4.7,broken clouds
110,Atar,MR,20.52,-13.05,92.05,20,0,11.56,clear sky
111,Ormara,PK,25.21,64.64,86.79,39,0,14.83,clear sky
112,Launceston,AU,-41.45,147.17,55.0,93,90,2.08,light rain
113,Aleksandrov Gay,RU,50.15,48.57,56.73,54,8,5.86,clear sky
114,Reinosa,ES,43.0,-4.14,57.0,78,37,1.99,scattered clouds
115,Stony Brook,US,40.93,-73.14,68.0,45,75,5.82,broken clouds
116,Karratha,AU,-20.74,116.85,60.57,31,90,17.49,overcast clouds
117,Hennigsdorf,DE,52.64,13.2,64.99,77,65,5.82,broken clouds
118,Katra,IN,32.98,74.95,65.88,36,0,8.55,clear sky
119,Mahebourg,MU,-20.41,57.7,69.8,88,40,1.12,scattered clouds
120,La Grande,US,45.32,-118.09,62.6,51,1,3.36,clear sky
121,Cabo San Lucas,MX,22.89,-109.91,93.0,52,5,11.41,clear sky
122,Port Keats,AU,-14.25,129.55,79.43,80,18,6.71,light rain
123,Andenes,NO,69.31,16.12,46.4,81,0,10.29,clear sky
124,Locri,IT,38.24,16.26,79.0,88,100,11.41,overcast clouds
125,Havre-Saint-Pierre,CA,50.23,-63.6,51.8,66,1,16.11,clear sky
126,Korla,CN,41.76,86.15,53.46,37,0,2.33,clear sky
127,Victoria,HK,22.29,114.16,82.0,81,100,6.76,light rain
128,Nhulunbuy,AU,-12.23,136.77,77.0,78,90,4.7,overcast clouds
129,Vaini,TO,-21.2,-175.2,71.6,94,90,10.29,light rain
130,Kavaratti,IN,10.57,72.64,81.3,70,30,8.68,scattered clouds
131,Buin,CL,-33.73,-70.75,66.0,40,20,8.05,few clouds
132,Qaanaaq,GL,77.48,-69.36,26.06,88,99,3.69,overcast clouds
133,Kahului,US,20.89,-156.47,84.2,58,20,4.7,few clouds
134,Popondetta,PG,-8.75,148.25,70.84,94,98,3.09,overcast clouds
135,Hasaki,JP,35.73,140.83,64.4,93,75,1.12,light rain
136,Alushta,UA,44.67,34.42,65.66,67,100,2.59,overcast clouds
137,Srandakan,ID,-7.94,110.25,76.62,88,16,6.82,light rain
138,Kisanga,TZ,-7.44,37.7,76.6,65,0,6.96,clear sky
139,Nikolskoye,RU,59.7,30.79,60.01,67,100,4.47,overcast clouds
140,Bacolod,PH,10.67,122.95,78.8,84,97,6.33,overcast clouds
141,Jilib,SO,0.49,42.79,76.89,82,37,7.45,scattered clouds
142,Chokurdakh,RU,70.63,147.92,28.06,96,98,12.48,overcast clouds
143,Ylojarvi,FI,61.56,23.6,55.4,71,0,10.29,clear sky
144,Bull Savanna,JM,17.89,-77.59,83.43,73,1,19.53,clear sky
145,Jamestown,US,42.1,-79.24,57.0,54,40,9.17,scattered clouds
146,Pisco,PE,-13.7,-76.22,71.6,60,1,19.46,dust
147,Piacabucu,BR,-10.41,-36.43,77.56,75,59,10.69,broken clouds
148,Omsukchan,RU,62.53,155.8,29.62,93,14,1.23,few clouds
149,Vila Velha,BR,-20.33,-40.29,84.0,74,0,17.22,clear sky
150,Zyuzelskiy,RU,56.49,60.13,44.6,56,100,8.95,overcast clouds
151,Humaita,BR,-7.51,-63.02,90.09,50,53,7.94,broken clouds
152,Taft,IR,31.75,54.21,73.4,28,0,4.7,clear sky
153,Maragogi,BR,-9.01,-35.22,78.66,72,100,10.11,overcast clouds
154,Agadir,MA,30.42,-9.6,69.8,68,59,12.75,broken clouds
155,Itarema,BR,-2.92,-39.92,83.03,63,100,20.67,overcast clouds
156,Vardo,NO,70.37,31.11,48.92,82,46,21.65,scattered clouds
157,Kasangulu,CD,-4.59,15.17,87.8,58,40,2.24,scattered clouds
158,Puerto Ayora,EC,-0.74,-90.35,77.0,61,40,20.8,scattered clouds
159,Kargasok,RU,59.06,80.86,46.15,92,100,8.1,overcast clouds
160,Araouane,ML,18.9,-3.53,97.27,25,98,8.34,light rain
161,New Norfolk,AU,-42.78,147.06,50.0,91,100,0.45,light rain
162,Minot,US,48.23,-101.3,54.0,46,90,4.7,overcast clouds
163,Mokhsogollokh,RU,61.47,128.92,25.75,95,0,3.15,clear sky
164,Sakakah,SA,29.97,40.21,84.2,17,0,9.17,clear sky
165,Merauke,ID,-8.47,140.33,78.53,83,100,12.93,overcast clouds
166,Brownsville,US,25.9,-97.5,87.01,51,1,9.17,clear sky
167,Grand-Santi,GF,4.25,-54.38,92.73,43,89,3.62,overcast clouds
168,Durant,US,33.99,-96.37,80.6,42,1,10.29,clear sky
169,Sernovodsk,RU,43.31,45.16,60.8,87,75,4.47,broken clouds
170,Coolum Beach,AU,-26.53,153.1,60.01,92,83,8.14,broken clouds
171,Jalu,LY,29.03,21.55,89.15,19,0,10.25,clear sky
172,Katsuura,JP,35.13,140.3,71.6,83,75,3.36,moderate rain
173,Paka,MY,4.64,103.44,77.0,100,100,4.97,light rain
174,Gaoual,GN,11.75,-13.2,76.42,88,100,2.84,overcast clouds
175,Charagua,BO,-19.8,-63.22,88.11,28,0,10.76,clear sky
176,Shubarkuduk,KZ,49.14,56.49,53.04,36,0,5.01,clear sky
177,Hualmay,PE,-11.1,-77.61,67.51,69,44,12.26,scattered clouds
178,Yumen,CN,40.28,97.2,36.86,60,46,17.6,scattered clouds
179,Sparti,GR,37.07,22.43,75.99,94,40,0.25,scattered clouds
180,Thompson,CA,55.74,-97.86,42.8,60,75,5.82,broken clouds
181,Provideniya,RU,64.38,-173.3,36.28,82,66,10.83,broken clouds
182,Mareeba,AU,-17.0,145.43,72.0,77,16,1.99,few clouds
183,Hailar,CN,49.2,119.7,40.15,91,100,10.92,overcast clouds
184,Tiksi,RU,71.69,128.87,24.62,95,37,21.61,scattered clouds
185,Lebu,CL,-37.62,-73.65,50.27,60,2,8.81,clear sky
186,Albacete,ES,38.83,-2.0,53.6,62,0,8.05,clear sky
187,Kulhudhuffushi,MV,6.62,73.07,81.64,72,100,9.91,overcast clouds
188,Luanda,AO,-8.84,13.23,75.2,78,20,11.41,few clouds
189,Santa Rosalia,MX,27.32,-112.28,93.2,27,0,7.34,clear sky
190,Bengkulu,ID,-3.8,102.27,76.23,84,100,6.4,overcast clouds
191,Miquelon,PM,47.1,-56.38,60.8,87,75,10.29,broken clouds
192,Pevek,RU,69.7,170.31,31.44,96,100,3.83,overcast clouds
193,Yichang,CN,30.71,111.28,62.01,85,100,0.13,light rain
194,Isangel,VU,-19.55,169.27,73.4,88,75,9.17,broken clouds
195,Vanavara,RU,60.34,102.28,34.9,96,100,7.34,overcast clouds
196,Thunder Bay,CA,48.4,-89.32,42.8,56,90,8.05,overcast clouds
197,Saint-Michel-Des-Saints,CA,46.68,-73.92,46.42,55,100,3.33,overcast clouds
198,Olavarria,AR,-36.89,-60.32,51.01,43,0,1.99,clear sky
199,Benghazi,LY,32.12,20.07,87.04,36,0,15.17,clear sky
200,Rio Grande,BR,-32.03,-52.1,55.99,79,100,4.0,overcast clouds
201,Xuddur,SO,4.12,43.89,75.9,74,63,15.19,light rain
202,Katherine,AU,-14.47,132.27,78.8,44,100,5.82,overcast clouds
203,Half Moon Bay,US,37.46,-122.43,84.0,73,5,3.36,smoke
204,Gladstone,AU,-23.85,151.25,68.0,77,90,9.17,overcast clouds
205,Kavieng,PG,-2.57,150.8,82.17,76,100,7.58,overcast clouds
206,Tibiri,NE,13.56,7.05,75.2,88,97,2.24,overcast clouds
207,Tahta,EG,26.77,31.5,87.8,25,0,10.29,clear sky
208,Longyearbyen,SJ,78.22,15.64,32.0,87,75,1.12,broken clouds
209,Sosnovo-Ozerskoye,RU,52.52,111.54,23.61,96,12,6.4,few clouds
210,Khandyga,RU,62.67,135.6,26.1,92,0,1.79,clear sky
211,Quelimane,MZ,-17.88,36.89,77.0,83,43,8.05,scattered clouds
212,Matamoros,MX,25.53,-103.25,81.0,26,5,2.82,clear sky
213,Kimbe,PG,-5.55,150.14,74.93,87,2,4.36,clear sky
214,Palu,ID,-0.89,119.87,75.78,81,100,2.55,heavy intensity rain
215,Skibbereen,IE,51.55,-9.27,46.4,81,40,8.05,light rain
216,Bambanglipuro,ID,-7.95,110.28,76.6,88,14,7.25,light rain
217,San Quintin,MX,30.48,-115.95,85.23,33,0,7.14,clear sky
218,Vao,NC,-22.67,167.48,69.39,78,3,22.37,light rain
219,Otradnoye,RU,59.78,30.82,57.99,67,100,4.47,overcast clouds
220,Constitucion,CL,-35.33,-72.42,53.37,55,4,16.02,clear sky
221,Waipawa,NZ,-41.41,175.52,57.2,82,37,25.28,scattered clouds
222,Oga,IT,46.46,10.35,46.99,93,20,1.12,few clouds
223,Petropavlovsk-Kamchatskiy,RU,53.05,158.65,32.0,76,0,8.95,clear sky
224,Kamaishi,JP,39.27,141.88,65.08,80,100,3.91,overcast clouds
225,Konstantinovka,RU,49.62,127.98,46.38,95,100,5.95,moderate rain
226,Souillac,MU,-20.52,57.52,69.8,88,40,1.12,scattered clouds
227,Sao Filipe,CV,14.9,-24.5,81.18,72,2,16.04,clear sky
228,Tautira,PF,-17.73,-149.15,82.4,69,20,3.36,few clouds
229,Perth,AU,-31.93,115.83,52.0,87,75,3.36,broken clouds
230,Salalah,OM,17.02,54.09,78.8,78,0,2.24,clear sky
231,Bodden Town,KY,19.28,-81.25,86.0,84,40,11.41,scattered clouds
232,Geraldton,AU,-28.77,114.6,39.2,86,0,4.7,clear sky
233,Upernavik,GL,72.79,-56.15,33.13,89,56,14.36,broken clouds
234,Kitgum,UG,3.28,32.89,66.63,94,80,2.35,light rain
235,Tecoanapa,MX,16.52,-98.75,85.87,53,96,8.61,overcast clouds
236,Miri,MY,4.41,114.01,75.2,100,40,3.36,scattered clouds
237,Sacama,EC,-3.9,-79.27,75.2,53,90,14.99,shower rain
238,Teya,RU,60.38,92.63,43.29,88,100,8.95,light rain
239,Zyryanka,RU,65.75,150.85,27.72,96,0,6.67,clear sky
240,Yulara,AU,-25.24,130.99,69.8,73,90,10.29,overcast clouds
241,Mujiayingzi,CN,42.12,118.78,34.88,72,0,7.07,clear sky
242,Akropong,GH,5.97,-0.09,78.8,83,20,9.17,few clouds
243,Nanortalik,GL,60.14,-45.24,36.54,85,82,11.21,broken clouds
244,Kirkcudbright,GB,54.84,-4.05,46.99,93,100,3.0,moderate rain
245,Dicabisagan,PH,17.08,122.42,78.31,79,17,6.24,few clouds
246,Balkanabat,TM,39.51,54.37,65.7,26,0,8.5,clear sky
247,Horsham,GB,51.06,-0.33,55.4,82,20,3.36,moderate rain
248,Noumea,NC,-22.28,166.46,71.01,77,75,3.36,broken clouds
249,Balabac,PH,7.99,117.06,82.42,78,100,13.09,overcast clouds
250,Port-Gentil,GA,-0.72,8.78,78.8,88,40,9.17,scattered clouds
251,Qaqortoq,GL,60.72,-46.03,41.0,65,20,6.93,few clouds
252,Aleksandrovsk-Sakhalinskiy,RU,50.9,142.16,50.04,91,100,10.71,light rain
253,Igbaras,PH,10.72,122.27,79.0,78,100,3.47,overcast clouds
254,Akdepe,TM,42.06,59.38,51.8,43,7,6.93,clear sky
255,Los Llanos De Aridane,ES,28.66,-17.92,75.2,78,20,14.99,few clouds
256,Cusuna,HN,15.85,-85.23,82.63,77,58,4.45,broken clouds
257,Dong Xoai,VN,11.53,106.92,74.61,96,100,2.57,moderate rain
258,Rocha,UY,-34.48,-54.33,51.85,63,77,13.29,broken clouds
259,Roald,NO,62.58,6.13,59.0,58,28,14.99,scattered clouds
260,Cherskiy,RU,68.75,161.3,27.75,97,29,4.38,scattered clouds
261,Cascais,PT,38.7,-9.42,63.0,72,20,4.7,few clouds
262,Lompoc,US,34.64,-120.46,84.2,44,1,6.93,clear sky
263,Lasa,IT,46.62,10.7,53.01,87,75,10.29,broken clouds
264,Olds,CA,51.78,-114.1,71.01,45,40,10.29,smoke
265,Dikson,RU,73.51,80.55,33.66,89,100,18.61,overcast clouds
266,Namatanai,PG,-3.67,152.43,80.04,80,100,8.46,light rain
267,Chapais,CA,49.78,-74.85,41.0,48,90,11.41,overcast clouds
268,Bud,US,39.45,-86.18,62.01,44,90,5.82,overcast clouds
269,Sarangani,PH,5.4,125.46,84.36,76,100,13.56,overcast clouds
270,Palpa,PE,-14.53,-75.19,81.9,32,0,8.3,clear sky
271,Bida,NG,9.08,6.02,77.63,85,0,2.77,clear sky
272,Saint George,US,37.1,-113.58,84.99,8,1,1.25,clear sky
273,Coihaique,CL,-45.58,-72.07,55.4,19,0,6.93,clear sky
274,Waddan,LY,29.16,16.14,88.21,13,26,11.56,scattered clouds
275,Revadanda,IN,18.55,72.93,80.6,88,75,8.05,haze
276,Ploemeur,FR,47.73,-3.43,52.0,66,75,16.11,broken clouds
277,Tezu,IN,27.92,96.17,77.65,66,64,2.13,broken clouds
278,Husavik,IS,66.04,-17.34,35.6,93,90,3.36,light rain
279,Mariental,NA,-24.63,17.97,64.99,18,0,10.04,clear sky
280,Privolzhskiy,RU,51.4,46.03,57.99,49,100,1.01,overcast clouds
281,Bahia Honda,CU,22.9,-83.16,79.14,88,100,10.36,light rain
282,Pekan,MY,3.48,103.4,78.8,88,20,4.7,few clouds
283,Ribas Do Rio Pardo,BR,-20.44,-53.76,109.09,7,0,6.06,clear sky
284,Gravdal,NO,68.12,13.5,51.85,76,0,8.55,clear sky
285,Stromness,GB,58.97,-3.3,55.4,93,100,18.34,light rain
286,Durazno,UY,-33.41,-56.5,52.12,70,51,11.39,broken clouds
287,Hofn,IS,64.25,-15.21,47.73,93,100,13.73,light rain
288,Tuatapere,NZ,-46.13,167.68,50.0,96,100,18.99,moderate rain
289,Kirakira,SB,-10.45,161.92,77.32,82,3,7.2,clear sky
290,Mezen,RU,65.85,44.24,34.48,89,0,4.32,clear sky
291,Udachnyy,RU,66.42,112.4,30.2,92,90,6.71,light snow
292,Chimoio,MZ,-19.12,33.48,75.0,100,100,12.75,overcast clouds
293,Gazanjyk,TM,39.24,55.52,60.37,31,0,7.99,clear sky
294,Seminole,US,28.71,-81.21,78.01,88,90,10.29,overcast clouds
295,Keningau,MY,5.34,116.16,75.2,100,20,4.7,few clouds
296,Vyshhorod,UA,50.58,30.49,59.0,99,87,12.84,overcast clouds
297,Demir Hisar,MK,41.22,21.2,63.3,74,90,1.57,overcast clouds
298,Margau,RO,46.75,22.97,63.0,72,49,4.7,scattered clouds
299,Minab,IR,27.15,57.08,87.8,66,0,4.7,haze
300,Saint-Joseph,RE,-21.37,55.62,73.4,78,75,17.22,broken clouds
301,Lata,PT,40.16,-8.33,61.0,71,10,5.01,clear sky
302,Isla Mujeres,MX,21.23,-86.73,80.6,100,90,14.99,heavy intensity rain
303,Shimoda,JP,34.67,138.95,61.0,93,71,3.87,broken clouds
304,Dingle,PH,11.0,122.67,76.44,87,96,2.19,light rain
305,Solnechnyy,RU,50.72,136.63,43.05,92,99,2.48,light rain
306,Touros,BR,-5.2,-35.46,82.4,61,92,13.87,overcast clouds
307,Poddorye,RU,57.47,31.12,54.34,71,48,8.05,scattered clouds
308,Lake City,US,30.19,-82.64,75.99,60,1,10.29,clear sky
309,Te Anau,NZ,-45.42,167.72,51.76,88,59,7.94,heavy intensity rain
310,Kysyl-Syr,RU,63.9,122.76,27.82,92,97,7.05,overcast clouds
311,Dunmore East,IE,52.15,-6.99,48.99,81,0,5.82,clear sky
312,Aswan,EG,24.09,32.91,91.04,14,0,14.65,clear sky
313,Sayyan,YE,15.17,44.32,58.98,33,0,8.95,clear sky
314,Avera,US,33.19,-82.53,71.6,46,40,6.93,scattered clouds
315,Dudinka,RU,69.41,86.18,26.6,92,5,29.08,clear sky
316,Cortez,US,37.35,-108.59,77.0,16,1,16.11,clear sky
317,Baykit,RU,61.67,96.37,39.34,89,100,5.46,light rain
318,Caravelas,BR,-17.71,-39.25,80.06,68,0,10.58,clear sky
319,San Angelo,US,31.46,-100.44,84.99,35,1,17.22,clear sky
320,Agadez,NE,19.75,10.25,95.85,18,100,9.78,overcast clouds
321,Makokou,GA,0.57,12.86,70.65,96,20,1.21,few clouds
322,Yekimovichi,RU,54.11,33.3,53.01,61,54,10.25,broken clouds
323,Antri,IN,26.06,78.21,76.44,35,1,3.13,clear sky
324,Port Hedland,AU,-20.32,118.57,69.8,38,100,19.46,overcast clouds
325,Les Mureaux,FR,49.0,1.92,53.01,93,90,2.24,overcast clouds
326,Koslan,RU,63.46,48.9,34.32,88,0,3.62,clear sky
327,San Patricio,MX,19.22,-104.7,91.4,63,5,9.17,clear sky
328,Tingo Maria,PE,-9.29,-76.01,86.0,55,40,3.33,scattered clouds
329,East London,ZA,-33.02,27.91,60.8,100,90,12.75,light rain
330,Narsaq,GL,60.92,-46.05,41.0,65,20,6.93,few clouds
331,Sidi Ali,DZ,36.1,0.42,62.6,64,0,15.88,clear sky
332,Kozhva,RU,65.11,57.05,31.03,98,1,4.43,clear sky
333,Namibe,AO,-15.2,12.15,65.88,71,14,5.97,few clouds
334,Ca Mau,VN,9.18,105.15,77.49,91,97,3.2,overcast clouds
335,Naze,JP,28.37,129.48,71.6,94,3,9.51,clear sky
336,Muros,ES,42.78,-9.06,59.0,80,33,5.99,light rain
337,Brae,GB,60.4,-1.35,55.4,87,100,20.8,overcast clouds
338,Homer,US,59.64,-151.55,50.0,81,90,8.05,light rain
339,Porto Novo,BJ,6.5,2.6,80.6,83,40,10.29,scattered clouds
340,Atarfe,ES,37.22,-3.69,55.0,71,0,3.02,clear sky
341,Zhigansk,RU,66.77,123.37,31.44,99,100,16.73,overcast clouds
342,Verkhnevilyuysk,RU,63.45,120.32,28.56,93,93,7.72,overcast clouds
343,Mier,MX,26.43,-99.15,91.4,33,1,6.93,clear sky
344,Hokitika,NZ,-42.72,170.97,53.01,90,100,6.98,overcast clouds
345,Ambulu,ID,-8.35,113.61,74.73,87,89,2.35,overcast clouds
346,Westport,US,41.14,-73.36,66.99,45,1,11.41,clear sky
347,Tchollire,CM,8.4,14.17,76.73,83,36,2.15,scattered clouds
348,Mount Isa,AU,-20.73,139.5,66.2,39,54,6.93,broken clouds
349,Sabang,ID,5.89,95.32,81.16,76,100,11.14,moderate rain
350,Zatoka,UA,46.07,30.47,66.2,93,40,11.18,scattered clouds
351,Nenjiang,CN,49.18,125.22,44.11,94,100,5.23,light rain
352,Kiama,AU,-34.68,150.87,64.99,76,96,11.99,overcast clouds
353,Harwich,GB,51.94,1.28,55.99,79,100,7.0,light rain
354,Praia,CV,14.92,-23.51,80.6,78,75,20.8,broken clouds
355,Lagos,NG,6.58,3.75,76.35,88,33,4.79,scattered clouds
356,Tessalit,ML,20.2,1.01,92.19,25,93,6.13,light rain
357,Samarai,PG,-10.62,150.67,78.03,86,61,15.28,moderate rain
358,Alihe,CN,50.57,123.72,41.77,89,100,4.54,overcast clouds
359,Colares,PT,38.8,-9.45,63.0,72,20,4.7,few clouds
360,Galesong,ID,-5.32,119.37,71.6,83,20,1.12,few clouds
361,Dharmadam,IN,11.78,75.43,75.96,84,89,3.87,overcast clouds
362,Lovozero,RU,68.0,35.01,37.56,89,89,5.48,overcast clouds
363,Isilkul,RU,54.91,71.27,45.59,80,93,13.09,overcast clouds
364,Mineiros,BR,-17.57,-52.55,100.15,10,0,8.3,clear sky
365,Mahajanga,MG,-15.72,46.32,78.8,88,20,10.29,few clouds
366,Dingli,MT,35.86,14.38,82.4,74,100,9.17,overcast clouds
367,Salinopolis,BR,-0.61,-47.36,84.04,70,100,13.22,overcast clouds
368,Cayenne,GF,4.93,-52.33,86.0,66,43,11.41,scattered clouds
369,Mantua,IT,45.17,10.78,59.0,68,29,5.01,scattered clouds
370,Pangnirtung,CA,66.15,-65.71,33.8,90,90,11.41,overcast clouds
371,Bathsheba,BB,13.22,-59.52,86.0,66,20,10.29,few clouds
372,Rosarito,MX,32.33,-117.03,93.2,20,5,9.17,clear sky
373,Kirishi,RU,59.45,32.02,57.99,36,100,7.78,overcast clouds
374,Cozumel,MX,20.51,-86.95,77.0,94,90,10.29,moderate rain
375,Amberley,US,39.2,-84.43,64.99,39,90,10.29,overcast clouds
376,Fort Carson,US,38.74,-104.79,66.0,29,1,10.29,clear sky
377,Coaldale,CA,49.72,-112.62,70.0,40,75,5.82,broken clouds
378,Bani Walid,LY,31.76,13.99,91.18,11,0,10.76,clear sky
379,Palauig,PH,15.44,119.9,80.85,73,87,4.23,overcast clouds
380,Williamsport,US,41.24,-77.0,64.4,34,40,10.29,scattered clouds
381,Ewa Beach,US,21.32,-158.01,82.4,78,20,4.7,few clouds
382,Magam,IN,34.08,74.58,55.09,40,0,1.99,clear sky
383,Okha,RU,53.57,142.95,48.33,87,100,22.01,light rain
384,Nogliki,RU,51.83,143.17,51.19,96,98,5.82,light rain
385,Tangshan,CN,39.63,118.18,47.19,46,26,8.66,scattered clouds
386,Grand Gaube,MU,-20.01,57.66,69.01,80,0,10.78,clear sky
387,Faya,SA,18.39,42.45,68.0,17,0,6.93,clear sky
388,Port Lincoln,AU,-34.73,135.87,57.69,93,100,9.24,moderate rain
389,Cidreira,BR,-30.18,-50.21,56.8,89,100,16.46,light rain
390,Eyl,SO,7.98,49.82,79.29,82,97,11.9,overcast clouds
391,Yining,CN,29.04,114.56,65.32,92,100,3.15,overcast clouds
392,General Roca,AR,-39.03,-67.58,51.8,37,100,12.75,overcast clouds
393,Bubaque,GW,11.28,-15.83,81.81,76,67,10.8,broken clouds
394,Ust-Maya,RU,60.42,134.53,27.19,90,1,5.3,clear sky
395,Talcahuano,CL,-36.72,-73.12,55.4,58,0,10.29,clear sky
396,Chuy,UY,-33.7,-53.46,52.97,69,99,13.44,overcast clouds
397,Crawfordsville,US,40.04,-86.87,62.01,44,40,8.72,scattered clouds
398,Pemberton,CA,50.32,-122.8,64.4,63,5,1.3,clear sky
399,Kalmunai,LK,7.42,81.82,80.28,72,100,4.72,overcast clouds
400,Buala,SB,-8.14,159.59,79.21,77,0,4.9,clear sky
401,Yeppoon,AU,-23.13,150.73,66.2,88,90,6.93,overcast clouds
402,Port Blair,IN,11.67,92.75,80.58,82,100,9.24,overcast clouds
403,Ancud,CL,-41.87,-73.82,57.2,35,0,5.82,clear sky
404,Macas,EC,-2.32,-78.12,66.2,93,90,4.7,light intensity drizzle rain
405,Talnakh,RU,69.49,88.4,26.6,92,0,29.08,clear sky
406,Pingliang,CN,35.54,106.69,49.96,45,100,7.4,overcast clouds
407,Mazyr,BY,52.05,29.25,58.59,73,76,11.92,broken clouds
408,Vestmannaeyjar,IS,63.44,-20.27,46.4,81,40,10.29,scattered clouds
409,Kindersley,CA,51.47,-109.17,60.8,44,20,4.7,few clouds
410,Mazatlan,MX,23.22,-106.42,93.2,59,20,3.36,few clouds
411,Gucheng,CN,35.91,111.32,54.3,47,100,4.88,light rain
412,Santa Maria,BR,-29.68,-53.81,54.41,84,100,17.63,overcast clouds
413,Mingguang,CN,32.78,117.96,63.37,92,100,10.87,light rain
414,Madhipura,IN,25.92,86.78,77.77,92,100,7.4,overcast clouds
415,Sorland,NO,67.67,12.69,52.52,76,0,16.28,clear sky
416,Sisophon,KH,13.59,102.97,76.64,90,100,4.99,overcast clouds
417,Bugalagrande,CO,4.21,-76.16,69.39,83,100,2.89,overcast clouds
418,Zwedru,LR,6.07,-8.13,72.55,97,96,3.62,moderate rain
419,Ozernovskiy,RU,51.5,156.52,44.58,77,100,0.25,overcast clouds
420,Suntar,RU,62.14,117.63,30.31,96,80,6.91,broken clouds
421,Marzuq,YE,14.4,46.47,74.53,39,0,4.45,clear sky
422,Mandan,US,46.83,-100.89,60.8,50,20,5.82,few clouds
423,Rawson,AR,-43.3,-65.1,56.5,33,0,11.95,clear sky
424,Kilindoni,TZ,-7.91,39.67,77.79,83,0,8.9,clear sky
425,Adrar,MR,20.5,-10.07,93.96,16,0,7.72,clear sky
426,Sur,OM,22.57,59.53,84.47,43,0,7.85,clear sky
427,Warah,PK,27.45,67.8,82.02,20,0,2.08,clear sky
428,Bosconia,CO,9.97,-73.88,88.16,63,55,3.76,broken clouds
429,Nador,MA,35.17,-2.93,66.2,52,0,5.82,clear sky
430,Goderich,CA,43.75,-81.72,55.99,74,68,7.29,broken clouds
431,Alibag,IN,18.64,72.88,80.6,88,75,8.05,haze
432,Severo-Kurilsk,RU,50.68,156.12,44.92,77,99,5.91,overcast clouds
433,Saint Anthony,US,45.02,-93.22,52.0,49,90,1.07,overcast clouds
434,Formosa,AR,-26.18,-58.18,68.0,60,1,20.8,clear sky
435,Cap Malheureux,MU,-19.98,57.61,69.01,80,0,10.98,clear sky
436,Carutapera,BR,-1.2,-46.02,86.05,62,100,10.09,overcast clouds
437,Nelson Bay,AU,-32.72,152.15,60.01,93,1,13.06,clear sky
438,Singaraja,ID,-8.11,115.09,78.22,71,79,4.83,broken clouds
439,Dobroye,RU,52.87,39.81,53.6,40,92,4.47,overcast clouds
440,Henties Bay,NA,-22.12,14.28,55.99,88,0,7.96,clear sky
441,La Malbaie,CA,47.66,-70.16,51.01,78,100,5.99,overcast clouds
442,Davila,PH,18.47,120.58,77.0,94,20,3.36,few clouds
443,Beba,CU,22.44,-79.73,87.8,66,75,6.93,broken clouds
444,Axim,GH,4.87,-2.24,76.14,87,0,5.84,clear sky
445,Martapura,ID,-3.42,114.85,73.4,100,100,1.12,overcast clouds
446,Kaura Namoda,NG,12.59,6.58,74.62,77,78,4.68,broken clouds
447,Richards Bay,ZA,-28.78,32.04,67.37,93,100,11.63,moderate rain
448,Quatre Cocos,MU,-20.21,57.76,69.8,88,40,1.12,scattered clouds
449,Lavrentiya,RU,65.58,-171.0,36.91,81,91,20.22,overcast clouds
450,Coffs Harbour,AU,-30.3,153.13,60.8,82,0,9.17,clear sky
451,Laguna,US,38.42,-121.42,86.0,42,1,5.82,haze
452,Mega,ET,4.05,38.3,64.96,61,8,10.4,clear sky
453,Kiunga,PG,-6.12,141.29,72.52,99,100,1.14,light rain
454,Nouadhibou,MR,20.93,-17.03,71.6,73,0,21.92,sand
455,Sisimiut,GL,66.94,-53.67,32.13,91,0,7.72,clear sky
456,Oleksandrivka,UA,48.96,32.23,59.88,72,69,8.14,broken clouds
457,Gunjur,GM,13.2,-16.73,84.2,83,40,3.36,scattered clouds
458,Merritt,CA,50.11,-120.79,62.6,67,1,1.21,clear sky
459,Dauriya,RU,49.93,116.87,37.17,87,99,14.58,overcast clouds
460,Darnah,LY,32.77,22.64,84.54,40,99,13.96,overcast clouds
461,Khani,GE,41.96,42.96,60.8,100,40,4.7,scattered clouds
462,Sao Miguel Do Guama,BR,-1.63,-47.48,86.72,63,100,6.15,light rain
463,Ciudad Bolivar,VE,8.12,-63.55,90.14,54,35,6.96,scattered clouds
464,Nabire,ID,-3.37,135.48,76.03,91,100,1.36,moderate rain
465,Ust-Tsilma,RU,65.44,52.15,31.71,97,0,2.46,clear sky
466,Kombissiri,BF,12.07,-1.34,84.2,70,20,3.36,thunderstorm
467,Bauchi,NG,10.5,10.0,72.79,78,29,4.14,scattered clouds
468,La Maddalena,IT,41.21,9.41,59.0,82,20,11.41,few clouds
469,Zelenogorskiy,RU,55.03,87.0,37.4,74,60,6.71,broken clouds
470,Srednekolymsk,RU,67.45,153.68,26.24,96,29,7.76,scattered clouds
471,Matara,LK,5.95,80.54,78.6,85,100,10.4,overcast clouds
472,Shingu,JP,33.73,135.98,67.21,89,96,4.74,overcast clouds
473,Necochea,AR,-38.55,-58.74,46.0,57,16,5.99,few clouds
474,Ofunato,JP,39.07,141.72,64.71,82,100,3.04,moderate rain
475,Mae Sai,TH,20.43,99.88,77.0,100,75,3.36,broken clouds
476,Kovdor,RU,67.57,30.48,41.58,95,63,5.28,broken clouds
477,Kapit,MY,2.02,112.93,73.36,95,99,1.21,light rain
478,Clifton,US,40.86,-74.16,69.01,42,1,5.82,clear sky
479,Markova,UA,48.68,24.41,57.2,93,100,5.84,overcast clouds
480,Del Rio,US,29.36,-100.9,84.2,48,1,14.99,clear sky
481,Makakilo City,US,21.35,-158.09,82.4,78,20,4.7,few clouds
482,Guerrero Negro,MX,27.98,-114.06,89.51,29,0,10.16,clear sky
483,Nishihara,JP,26.18,127.76,78.8,88,75,3.36,broken clouds
484,Dawei,MM,14.08,98.2,75.74,94,100,0.92,overcast clouds
485,Kieta,PG,-6.22,155.63,77.58,74,0,6.8,clear sky
486,Anloga,GH,5.79,0.9,80.6,78,40,10.29,scattered clouds
487,Pampa,US,35.54,-100.96,73.4,23,1,19.46,clear sky
488,Lom Sak,TH,16.78,101.24,74.25,91,96,0.38,overcast clouds
489,Riyadh,SA,24.69,46.72,84.2,25,0,3.36,clear sky
490,Sibolga,ID,1.74,98.78,78.28,75,100,1.99,overcast clouds
491,Belaya Gora,RU,68.53,146.42,29.07,78,95,11.81,overcast clouds
492,Praya,CV,14.92,-23.51,80.6,78,75,20.8,broken clouds
493,Muisne,EC,0.6,-80.03,78.8,83,75,5.82,broken clouds
494,Sturgeon Bay,US,44.83,-87.38,46.4,75,90,4.7,moderate rain
495,Naron,ES,43.52,-8.15,57.99,76,20,9.17,few clouds
496,Cherepovets,RU,59.13,37.9,41.0,100,74,2.24,broken clouds
497,Norman Wells,CA,65.28,-126.83,50.0,71,40,1.9,scattered clouds
498,Talhar,PK,24.88,68.82,80.08,81,2,10.29,clear sky
499,Boyuibe,BO,-20.42,-63.28,85.24,30,0,9.44,clear sky
500,Santa Rosa,PH,14.31,121.11,80.01,94,38,4.7,scattered clouds
501,Magdalena,PH,14.2,121.43,80.01,94,48,4.7,scattered clouds
502,Rebrikha,RU,53.07,82.34,39.96,72,0,7.34,clear sky
503,Bara,NG,10.37,10.73,76.86,74,26,5.57,scattered clouds
504,Chekhov,RU,55.14,37.47,57.2,66,100,6.71,overcast clouds
505,Lethem,GY,3.38,-59.8,95.31,39,17,6.55,few clouds
506,Muroto,JP,33.28,134.15,73.65,70,99,5.39,overcast clouds
507,Mbini,GQ,1.57,9.61,80.6,88,40,6.93,scattered clouds
508,Port Hardy,CA,50.7,-127.42,53.6,100,90,3.36,mist
509,Urusha,RU,54.05,122.9,31.87,96,71,5.77,broken clouds
510,Bahia Blanca,AR,-38.72,-62.27,53.85,42,90,13.29,overcast clouds
511,Ambon,ID,-3.7,128.18,78.78,86,100,7.25,moderate rain
512,Lumberton,US,34.62,-79.01,73.4,38,1,9.17,clear sky
513,Sakaiminato,JP,35.55,133.23,68.0,94,75,6.93,broken clouds
514,Santa Isabel,BR,-23.32,-46.22,78.8,73,90,11.41,overcast clouds
515,Santa Quiteria Do Maranhao,BR,-3.52,-42.55,94.96,31,80,5.68,broken clouds
516,Krasnyy Chikoy,RU,50.36,108.75,22.14,91,0,3.27,clear sky
517,Calama,CL,-22.47,-68.93,80.6,8,0,20.8,clear sky
518,Parana,AR,-31.73,-60.52,52.09,54,100,14.58,overcast clouds
519,Poum,NC,-20.23,164.02,69.73,73,0,10.69,clear sky
520,Wukari,NG,7.85,9.78,75.6,87,1,1.1,clear sky
521,Vernon,CA,50.26,-119.27,64.4,63,1,2.24,clear sky
522,Aanekoski,FI,62.69,25.82,51.8,81,95,6.93,overcast clouds
523,Torrington,US,41.8,-73.12,64.99,53,0,1.01,clear sky
524,Broome,US,42.25,-75.83,59.0,43,40,11.41,scattered clouds
525,Pochinki,RU,54.7,44.87,51.53,76,3,3.27,clear sky
526,Kushima,JP,31.46,131.23,69.33,86,59,4.36,broken clouds
527,Eydhafushi,MV,5.1,73.07,81.7,75,100,9.37,light rain
528,Trinidad,BO,-14.83,-64.9,82.4,83,75,34.45,thunderstorm with heavy rain
529,Yar-Sale,RU,66.83,70.83,33.03,90,64,18.95,broken clouds
530,Mitu,CO,1.2,-70.17,92.35,46,45,2.73,scattered clouds
531,Uberaba,BR,-19.75,-47.93,97.65,18,45,3.78,scattered clouds
532,Teresa,PH,14.58,121.23,80.01,94,34,4.7,scattered clouds
533,Taikang,CN,46.83,124.42,43.36,78,100,5.91,overcast clouds
534,Marsa Matruh,EG,31.35,27.25,77.0,69,0,5.82,clear sky
535,Pimentel,PE,-6.84,-79.93,73.4,60,95,20.8,overcast clouds
536,Lyantonde,UG,-0.4,31.16,67.89,71,37,4.61,scattered clouds
537,Zheleznodorozhnyy,RU,55.75,38.0,59.0,76,83,4.47,broken clouds
538,Barra Dos Coqueiros,BR,-10.91,-37.04,82.4,58,7,11.41,clear sky
539,Huarmey,PE,-10.07,-78.15,69.44,66,7,12.97,clear sky
540,Chopda,IN,21.25,75.3,77.85,62,100,4.07,overcast clouds
541,Dongfeng,CN,42.64,125.51,44.04,82,99,12.91,overcast clouds
542,Basudebpur,IN,21.14,86.74,79.48,91,29,1.36,scattered clouds
543,Myrtle Beach,US,33.69,-78.89,72.0,46,40,12.75,scattered clouds
544,Ushtobe,KZ,45.25,77.98,44.56,59,32,1.88,scattered clouds
545,Vitina,BA,43.24,17.48,80.6,47,20,14.99,few clouds
546,Deputatskiy,RU,69.3,139.9,22.82,97,100,15.28,overcast clouds
547,Omboue,GA,-1.57,9.26,77.45,86,100,6.49,overcast clouds
548,Cabinda,AO,-5.55,12.2,76.77,85,100,11.21,overcast clouds
549,Warrington,GB,53.39,-2.58,51.8,93,75,17.22,light rain
550,Puerto Del Rosario,ES,28.5,-13.86,75.2,69,40,16.11,scattered clouds
551,Puerto Baquerizo Moreno,EC,-0.9,-89.6,73.4,73,75,16.11,broken clouds
552,Soligalich,RU,59.08,42.29,47.71,91,100,5.01,overcast clouds
553,Gubkinskiy,RU,64.43,76.5,32.92,90,100,23.98,overcast clouds
554,Elyria,US,41.37,-82.11,59.0,37,90,4.7,overcast clouds
555,Kazachinskoye,RU,57.7,93.28,39.0,82,100,6.24,overcast clouds
556,Alice Springs,AU,-23.7,133.88,80.6,15,1,21.92,clear sky
557,Mayo,US,38.89,-76.51,66.99,55,1,5.82,clear sky
558,Saint Charles,US,38.78,-90.48,57.2,67,90,9.17,moderate rain
559,Camacha,PT,33.08,-16.33,69.8,88,75,12.75,shower rain
560,Sabha,LY,27.04,14.43,91.08,13,98,14.7,overcast clouds
561,Presidencia Roque Saenz Pena,AR,-26.79,-60.44,68.59,52,33,14.32,scattered clouds
562,Port-Cartier,CA,50.03,-66.87,55.4,59,75,8.05,broken clouds
563,Falan,CO,5.12,-74.95,76.39,75,91,6.91,overcast clouds
564,Rio Gallegos,AR,-51.62,-69.22,59.0,39,1,18.34,clear sky
565,Sabzevar,IR,36.21,57.68,62.08,33,1,8.12,clear sky
566,Sobolevo,RU,54.43,31.9,53.1,65,100,11.39,overcast clouds
567,Lewistown,US,40.6,-77.57,64.99,47,90,6.93,overcast clouds
568,Gamba,GA,-2.65,10.0,77.47,86,100,7.81,overcast clouds
569,Sao Desiderio,BR,-12.36,-44.97,99.82,9,0,9.69,clear sky
570,Neulengbach,AT,48.2,15.9,68.0,84,100,14.0,moderate rain
571,Mirabad,AF,30.44,61.84,72.16,30,0,13.35,clear sky
572,Idrinskoye,RU,54.37,92.14,32.76,87,57,3.2,broken clouds
573,Dukat,RU,62.55,155.55,27.18,95,18,1.28,few clouds
574,Dhidhdhoo,MV,6.88,73.1,81.66,72,100,9.89,overcast clouds
575,Lucea,JM,18.45,-78.17,89.6,66,20,21.92,few clouds
576,Bukene,TZ,-4.23,32.88,79.54,25,77,6.02,broken clouds
577,Malanje,AO,-9.54,16.34,73.15,61,0,1.81,clear sky
578,Fukue,JP,32.69,128.84,73.8,80,82,2.15,light rain
579,Marechal Deodoro,BR,-9.71,-35.9,80.6,74,75,13.87,broken clouds
580,Luderitz,NA,-26.65,15.16,57.47,78,0,11.81,clear sky
581,Riohacha,CO,11.54,-72.91,81.59,83,100,10.02,overcast clouds
582,Moron,AR,-34.65,-58.62,55.0,54,40,14.99,scattered clouds
583,Sala Consilina,IT,40.39,15.6,73.99,84,38,7.0,scattered clouds
584,Pinega,RU,64.7,43.39,34.84,88,0,3.74,clear sky
585,Beyneu,KZ,45.32,55.2,53.19,42,0,3.74,clear sky
586,Biltine,TD,14.53,20.92,89.13,41,0,4.36,clear sky
587,Amatan,MX,17.35,-92.75,69.71,91,100,5.35,heavy intensity rain
588,Sokolovo,RU,52.53,84.79,37.54,80,0,3.2,clear sky
589,Iracoubo,GF,5.48,-53.2,83.86,73,87,11.97,overcast clouds
590,Plouzane,FR,48.38,-4.62,51.8,71,20,14.99,few clouds
591,Rosita,NI,13.93,-84.4,88.72,64,100,1.83,overcast clouds
592,Pundaguitan,PH,6.37,126.17,83.25,76,100,7.23,overcast clouds
593,Burnie,AU,-41.07,145.92,55.99,90,100,1.01,light rain
594,Arlit,NE,18.74,7.39,98.96,17,12,9.24,few clouds
595,Bhimunipatnam,IN,17.88,83.43,80.6,94,75,2.24,mist
596,Aklavik,CA,68.22,-135.01,44.6,93,40,4.7,scattered clouds
597,Cocobeach,GA,1.0,9.58,80.6,83,40,9.17,scattered clouds
598,Flinders,AU,-34.58,150.86,64.99,76,91,11.99,overcast clouds
599,La Romana,DO,18.43,-68.97,87.8,79,40,13.87,scattered clouds
600,Muslyumovo,RU,55.3,53.19,52.59,68,98,9.44,overcast clouds
601,Nelson,NZ,-41.28,173.28,55.0,83,98,1.99,overcast clouds
602,Sao Felix Do Xingu,BR,-6.64,-51.99,99.99,22,86,3.8,overcast clouds
603,Flin Flon,CA,54.77,-101.86,48.2,57,75,6.93,broken clouds
604,Turayf,SA,31.67,38.66,75.2,31,0,11.41,clear sky
605,Posse,BR,-14.09,-46.37,96.22,11,0,9.04,clear sky
606,Kisangani,CD,0.52,25.2,72.09,87,5,1.57,light rain
607,Talara,PE,-4.58,-81.27,82.4,54,1,13.87,clear sky
608,Niamey,NE,13.51,2.11,73.4,100,7,6.93,light rain
609,Victor Harbor,AU,-35.57,138.62,59.0,89,100,3.29,light rain
610,Puerto Maldonado,PE,-12.6,-69.18,96.8,47,40,6.93,scattered clouds
611,Chumikan,RU,54.72,135.31,46.2,78,100,12.93,overcast clouds
612,Cockburn Town,TC,21.46,-71.14,87.8,62,40,17.22,scattered clouds
613,Guarapari,BR,-20.67,-40.5,84.0,74,0,17.22,clear sky
614,Tepatlaxco,MX,19.07,-96.84,87.8,48,20,9.17,few clouds
615,Labuhan,ID,-6.88,112.21,79.14,78,7,8.25,clear sky
616,Talaya,RU,61.38,152.75,32.45,90,100,0.69,overcast clouds
617,Manga,BF,11.66,-1.07,80.29,68,4,5.3,clear sky
618,Oni,GE,42.58,43.44,54.16,64,71,3.62,broken clouds
619,Kalawit,PH,8.07,122.52,78.82,83,62,4.56,light rain
620,Kabo,CF,7.7,18.63,74.95,82,0,1.45,light rain
621,Chantada,ES,42.61,-7.77,52.0,89,91,5.77,overcast clouds
622,Moranbah,AU,-22.0,148.05,60.08,93,0,9.24,clear sky
623,Mecca,SA,21.43,39.83,83.35,57,0,2.53,clear sky
624,Hovd,MN,48.01,91.64,33.91,79,0,1.9,clear sky
625,Sussex,US,41.18,-74.67,64.4,42,75,5.82,broken clouds
626,Ostrovnoy,RU,68.05,39.51,39.02,76,45,14.61,scattered clouds
627,Yaya,RU,56.21,86.44,42.89,81,97,13.0,overcast clouds
628,Wichian Buri,TH,15.66,101.11,75.96,89,100,0.69,overcast clouds
629,Kazerun,IR,29.62,51.65,69.35,52,0,2.35,clear sky
630,Temirtau,KZ,50.05,72.95,24.8,92,86,4.47,overcast clouds
631,Ereymentau,KZ,51.62,73.1,48.92,81,95,7.61,overcast clouds
632,Genhe,CN,50.78,121.52,39.07,92,100,7.76,light rain
633,Dunedin,NZ,-45.87,170.5,55.0,88,50,10.65,light rain
634,Pamekasan,ID,-7.16,113.47,80.01,77,100,10.47,overcast clouds
635,Gelemso,ET,8.82,40.52,59.43,81,0,3.91,clear sky
636,Eltham,NZ,-39.43,174.3,53.01,94,38,1.01,scattered clouds
637,Chicama,PE,-7.84,-79.15,73.87,56,84,11.56,broken clouds
638,Whitehorse,CA,60.72,-135.05,51.8,50,75,14.99,broken clouds
639,San Juan Nepomuceno,CO,9.95,-75.08,83.53,78,95,5.97,light rain
640,Sri Aman,MY,1.24,111.46,75.2,94,100,0.65,moderate rain
641,Northam,GB,51.03,-4.22,54.0,88,100,8.99,light rain
642,Jumla,NP,29.27,82.18,53.51,64,0,3.69,clear sky
643,Milas,TR,37.32,27.78,71.6,40,0,4.7,clear sky
644,Mazamari,PE,-11.33,-74.53,93.9,30,39,3.04,light rain
645,Ati,TD,13.22,18.34,91.92,38,55,6.08,broken clouds
646,Muskogee,US,35.58,-95.33,73.99,46,1,11.41,clear sky
647,Lusambo,CD,-4.97,23.45,72.34,94,100,0.54,light rain
648,Larsnes,NO,62.2,5.58,60.01,62,49,1.99,scattered clouds
649,Durres,AL,41.32,19.44,69.8,77,40,6.93,scattered clouds
650,Ameca,MX,20.55,-104.03,73.99,43,0,3.0,clear sky
651,Grindavik,IS,63.84,-22.43,42.8,87,75,13.87,shower rain
652,Strezhevoy,RU,60.73,77.59,33.8,94,75,8.95,broken clouds
653,Pringsewu,ID,-5.36,104.97,75.83,88,98,4.94,light rain
654,Tocopilla,CL,-22.09,-70.2,68.81,47,27,15.41,scattered clouds
655,Yauya,PE,-8.98,-77.3,62.08,40,84,8.05,light rain
656,San Vicente De Canete,PE,-13.08,-76.38,67.28,67,14,10.2,few clouds
657,Kismayo,SO,-0.36,42.55,78.66,83,87,13.78,overcast clouds
658,Gigmoto,PH,13.78,124.39,80.02,84,100,4.97,overcast clouds
659,Gorontalo,ID,0.54,123.06,75.7,85,98,2.53,overcast clouds
660,Salym,RU,60.06,71.48,33.15,90,98,11.05,overcast clouds
661,Aykhal,RU,66.0,111.5,30.2,92,90,6.71,light snow
662,Nuuk,GL,64.18,-51.72,35.6,74,75,5.82,broken clouds
663,Esmeraldas,BR,-19.76,-44.31,95.0,20,88,13.87,overcast clouds
664,Viedma,AR,-40.81,-63.0,54.28,37,8,5.03,clear sky
665,Espanola,US,35.99,-106.08,71.01,12,1,8.05,clear sky
666,Santa Brigida,ES,28.03,-15.5,75.0,83,75,20.8,light rain
667,Ephrata,US,40.18,-76.18,64.99,47,0,1.01,clear sky
668,Hamilton,US,39.18,-84.53,66.0,39,90,10.29,overcast clouds
669,Bogande,BF,12.97,-0.14,79.9,66,55,15.43,moderate rain
670,Neuquen,AR,-38.95,-68.06,51.8,37,100,12.75,overcast clouds
671,Pitkyaranta,RU,61.57,31.48,52.43,86,100,10.74,overcast clouds
672,Yantal,RU,56.85,105.25,27.28,91,86,4.45,overcast clouds
673,Seoul,KR,37.57,126.98,64.4,77,90,5.91,overcast clouds
674,Goure,NE,13.98,10.27,84.0,54,97,3.0,overcast clouds
675,Nyurba,RU,63.28,118.33,29.77,94,100,8.66,overcast clouds
676,Zhaodong,CN,46.08,125.98,46.4,87,100,6.71,light rain
677,Parakou,BJ,9.34,2.63,74.26,90,56,1.52,light rain
678,Yerbogachen,RU,61.28,108.01,30.96,97,100,8.21,overcast clouds
679,Thohoyandou,ZA,-22.95,30.48,65.91,81,7,1.39,clear sky
680,Westlock,CA,54.15,-113.87,68.0,48,1,9.17,clear sky
681,Comodoro Rivadavia,AR,-45.87,-67.5,66.2,45,0,13.87,clear sky
682,Giyani,ZA,-23.3,30.72,69.46,74,0,2.68,clear sky
683,Sao Bernardo,BR,-3.36,-42.42,90.23,44,87,9.22,overcast clouds
684,Abu Kamal,SY,34.45,40.92,75.97,28,0,5.93,clear sky
685,Namtsy,RU,62.72,129.67,32.0,95,0,6.71,clear sky
